Key,Value
metadata.version,1.0.0
metadata.last_updated,2026-05-21
metadata.author,Fadhil Akbar Cariearsa
metadata.license,MIT
metadata.category,Modern Names
metadata.description,A 100% fictional and copyright-free Modern naming dataset separated by regions for universal use.
people.europe,Aaron Anderson
people.europe,Aaron Becker
people.europe,Aaron Clark
people.europe,Alice Davies
people.europe,Alice Evans
people.europe,Alice Fischer
people.europe,Amelie Garcia
people.europe,Amelie Hansen
people.europe,Amelie Ivanov
people.europe,Arthur Jensen
people.europe,Arthur Klein
people.europe,Arthur Lopez
people.europe,Astrid Martin
people.europe,Astrid Novak
people.europe,Astrid Olsen
people.europe,Bastian Perez
people.europe,Bastian Rossi
people.europe,Bastian Smith
people.europe,Beatrice Anderson
people.europe,Beatrice Taylor
people.europe,Beatrice Wagner
people.europe,Benno Becker
people.europe,Benno Clark
people.europe,Benno Davies
people.europe,Bianca Evans
people.europe,Bianca Fischer
people.europe,Bianca Garcia
people.europe,Bruno Hansen
people.europe,Bruno Ivanov
people.europe,Bruno Jensen
people.europe,Caleb Klein
people.europe,Caleb Lopez
people.europe,Caleb Martin
people.europe,Camilla Novak
people.europe,Camilla Olsen
people.europe,Camilla Perez
people.europe,Casper Rossi
people.europe,Casper Smith
people.europe,Casper Taylor
people.europe,Celine Anderson
people.europe,Celine Becker
people.europe,Celine Wagner
people.europe,Christian Clark
people.europe,Christian Davies
people.europe,Christian Evans
people.europe,Daphne Fischer
people.europe,Daphne Garcia
people.europe,Daphne Hansen
people.europe,David Ivanov
people.europe,David Jensen
people.europe,David Klein
people.europe,Diana Lopez
people.europe,Diana Martin
people.europe,Diana Novak
people.europe,Dominic Olsen
people.europe,Dominic Perez
people.europe,Dominic Rossi
people.europe,Dorian Smith
people.europe,Dorian Taylor
people.europe,Dorian Wagner
people.europe,Elias Anderson
people.europe,Elias Becker
people.europe,Elias Clark
people.europe,Emma Davies
people.europe,Emma Evans
people.europe,Emma Fischer
people.europe,Eric Garcia
people.europe,Eric Hansen
people.europe,Eric Ivanov
people.europe,Eva Jensen
people.europe,Eva Klein
people.europe,Eva Lopez
people.europe,Ezra Martin
people.europe,Ezra Novak
people.europe,Ezra Olsen
people.europe,Fabian Perez
people.europe,Fabian Rossi
people.europe,Fabian Smith
people.europe,Fiona Anderson
people.europe,Fiona Taylor
people.europe,Fiona Wagner
people.europe,Florian Becker
people.europe,Florian Clark
people.europe,Florian Davies
people.europe,Freya Evans
people.europe,Freya Fischer
people.europe,Freya Garcia
people.europe,Fritz Hansen
people.europe,Fritz Ivanov
people.europe,Fritz Jensen
people.europe,Gabriel Klein
people.europe,Gabriel Lopez
people.europe,Gabriel Martin
people.europe,Grace Novak
people.europe,Grace Olsen
people.europe,Grace Perez
people.europe,Greta Rossi
people.europe,Greta Smith
people.europe,Greta Taylor
people.europe,Gustav Anderson
people.europe,Gustav Becker
people.europe,Gustav Wagner
people.europe,Gwen Clark
people.europe,Gwen Davies
people.europe,Gwen Evans
people.europe,Hannah Fischer
people.europe,Hannah Garcia
people.europe,Hannah Hansen
people.europe,Hector Smith
people.europe,Hector Taylor
people.europe,Hector Wagner
people.europe,Helena Olsen
people.europe,Helena Perez
people.europe,Helena Rossi
people.europe,Henry Ivanov
people.europe,Henry Jensen
people.europe,Henry Klein
people.europe,Hugo Lopez
people.europe,Hugo Martin
people.europe,Hugo Novak
people.europe,Ian Anderson
people.europe,Ian Becker
people.europe,Ian Clark
people.europe,Ida Davies
people.europe,Ida Evans
people.europe,Ida Fischer
people.europe,Iris Garcia
people.europe,Iris Hansen
people.europe,Iris Ivanov
people.europe,Isaac Jensen
people.europe,Isaac Klein
people.europe,Isaac Lopez
people.europe,Isabella Martin
people.europe,Isabella Novak
people.europe,Isabella Olsen
people.europe,Jacob Perez
people.europe,Jacob Rossi
people.europe,Jacob Smith
people.europe,Johanna Evans
people.europe,Johanna Fischer
people.europe,Johanna Garcia
people.europe,Jonas Hansen
people.europe,Jonas Ivanov
people.europe,Jonas Jensen
people.europe,Julia Anderson
people.europe,Julia Taylor
people.europe,Julia Wagner
people.europe,Julian Becker
people.europe,Julian Clark
people.europe,Julian Davies
people.europe,Kaleb Klein
people.europe,Kaleb Lopez
people.europe,Kaleb Martin
people.europe,Kara Novak
people.europe,Kara Olsen
people.europe,Kara Perez
people.europe,Kevin Rossi
people.europe,Kevin Smith
people.europe,Kevin Taylor
people.europe,Klara Anderson
people.europe,Klara Becker
people.europe,Klara Wagner
people.europe,Klaus Clark
people.europe,Klaus Davies
people.europe,Klaus Evans
people.europe,Laura Fischer
people.europe,Laura Garcia
people.europe,Laura Hansen
people.europe,Leo Ivanov
people.europe,Leo Jensen
people.europe,Leo Klein
people.europe,Liam Smith
people.europe,Liam Taylor
people.europe,Liam Wagner
people.europe,Lucas Lopez
people.europe,Lucas Martin
people.europe,Lucas Novak
people.europe,Luna Olsen
people.europe,Luna Perez
people.europe,Luna Rossi
people.europe,Magnus Anderson
people.europe,Magnus Becker
people.europe,Magnus Clark
people.europe,Maria Davies
people.europe,Maria Evans
people.europe,Maria Fischer
people.europe,Mateo Martin
people.europe,Mateo Novak
people.europe,Mateo Olsen
people.europe,Mia Jensen
people.europe,Mia Klein
people.europe,Mia Lopez
people.europe,Milan Garcia
people.europe,Milan Hansen
people.europe,Milan Ivanov
people.europe,Nadia Perez
people.europe,Nadia Rossi
people.europe,Nadia Smith
people.europe,Nathan Evans
people.europe,Nathan Fischer
people.europe,Nathan Garcia
people.europe,Nina Hansen
people.europe,Nina Ivanov
people.europe,Nina Jensen
people.europe,Noah Anderson
people.europe,Noah Taylor
people.europe,Noah Wagner
people.europe,Nora Becker
people.europe,Nora Clark
people.europe,Nora Davies
people.europe,Oliver Klein
people.europe,Oliver Lopez
people.europe,Oliver Martin
people.europe,Olivia Novak
people.europe,Olivia Olsen
people.europe,Olivia Perez
people.europe,Orla Clark
people.europe,Orla Davies
people.europe,Orla Evans
people.europe,Oscar Rossi
people.europe,Oscar Smith
people.europe,Oscar Taylor
people.europe,Owen Anderson
people.europe,Owen Becker
people.europe,Owen Wagner
people.europe,Paul Olsen
people.europe,Paul Perez
people.europe,Paul Rossi
people.europe,Paula Fischer
people.europe,Paula Garcia
people.europe,Paula Hansen
people.europe,Penelope Smith
people.europe,Penelope Taylor
people.europe,Penelope Wagner
people.europe,Peter Ivanov
people.europe,Peter Jensen
people.europe,Peter Klein
people.europe,Pia Lopez
people.europe,Pia Martin
people.europe,Pia Novak
people.europe,Quentin Garcia
people.europe,Quentin Hansen
people.europe,Quentin Ivanov
people.europe,Quincy Jensen
people.europe,Quinn Anderson
people.europe,Quinn Becker
people.europe,Quinn Clark
people.europe,Quinten Davies
people.europe,Quinten Evans
people.europe,Quinten Fischer
people.europe,Rafael Klein
people.europe,Rafael Lopez
people.europe,Rafael Martin
people.europe,Robin Anderson
people.europe,Robin Becker
people.europe,Robin Wagner
people.europe,Rosa Novak
people.europe,Rosa Olsen
people.europe,Rosa Perez
people.europe,Ruben Rossi
people.europe,Ruben Smith
people.europe,Ruben Taylor
people.europe,Ruby Clark
people.europe,Ruby Davies
people.europe,Ruby Evans
people.europe,Samuel Fischer
people.europe,Samuel Garcia
people.europe,Samuel Hansen
people.europe,Sarah Ivanov
people.europe,Sarah Jensen
people.europe,Sarah Klein
people.europe,Sebastian Smith
people.europe,Sebastian Taylor
people.europe,Sebastian Wagner
people.europe,Simon Lopez
people.europe,Simon Martin
people.europe,Simon Novak
people.europe,Stella Olsen
people.europe,Stella Perez
people.europe,Stella Rossi
people.europe,Thea Martin
people.europe,Thea Novak
people.europe,Thea Olsen
people.europe,Theo Anderson
people.europe,Theo Becker
people.europe,Theo Clark
people.europe,Thomas Jensen
people.europe,Thomas Klein
people.europe,Thomas Lopez
people.europe,Tobias Davies
people.europe,Tobias Evans
people.europe,Tobias Fischer
people.europe,Tristan Garcia
people.europe,Tristan Hansen
people.europe,Tristan Ivanov
people.europe,Udo Evans
people.europe,Ulric Perez
people.europe,Ulric Rossi
people.europe,Ulric Smith
people.europe,Una Anderson
people.europe,Una Taylor
people.europe,Una Wagner
people.europe,Ursula Becker
people.europe,Ursula Clark
people.europe,Ursula Davies
people.europe,Valentin Smith
people.europe,Valentin Taylor
people.europe,Valentin Wagner
people.europe,Vera Olsen
people.europe,Vera Perez
people.europe,Vera Rossi
people.europe,Victor Fischer
people.europe,Victor Garcia
people.europe,Victor Hansen
people.europe,Victoria Ivanov
people.europe,Victoria Jensen
people.europe,Victoria Klein
people.europe,Vincent Lopez
people.europe,Vincent Martin
people.europe,Vincent Novak
people.europe,Walter Anderson
people.europe,Walter Becker
people.europe,Walter Clark
people.europe,Wanda Davies
people.europe,Wanda Evans
people.europe,Wanda Fischer
people.europe,William Garcia
people.europe,William Hansen
people.europe,William Ivanov
people.europe,Wyatt Jensen
people.europe,Xander Klein
people.europe,Xander Lopez
people.europe,Xaver Olsen
people.europe,Xenia Martin
people.europe,Xenia Novak
people.europe,Yannick Perez
people.europe,Yannick Rossi
people.europe,Yannick Smith
people.europe,Yara Anderson
people.europe,Yara Taylor
people.europe,Yara Wagner
people.europe,Yvaine Evans
people.europe,Yves Becker
people.europe,Yves Clark
people.europe,Yves Davies
people.europe,Zachary Fischer
people.europe,Zachary Garcia
people.europe,Zachary Hansen
people.europe,Zara Ivanov
people.europe,Zara Jensen
people.europe,Zara Klein
people.europe,Zayn Olsen
people.europe,Zoe Lopez
people.europe,Zoe Martin
people.europe,Zoe Novak
people.asia,Aarav Ali
people.asia,Aarav Chen
people.asia,Aarav Das
people.asia,Aditi Kim
people.asia,Aditi Lee
people.asia,Aditi Ma
people.asia,Aisha Endo
people.asia,Aisha Fujii
people.asia,Aisha Gupta
people.asia,Amir Nguyen
people.asia,Amir Patel
people.asia,Amir Rahman
people.asia,Arjun Huang
people.asia,Arjun Ishii
people.asia,Arjun Jin
people.asia,Bao Sato
people.asia,Bao Tanaka
people.asia,Bao Wang
people.asia,Bashir Xu
people.asia,Bashir Yang
people.asia,Bashir Zhang
people.asia,Bilal Huang
people.asia,Bilal Ishii
people.asia,Bilal Jin
people.asia,Bina Endo
people.asia,Bina Fujii
people.asia,Bina Gupta
people.asia,Bo Ali
people.asia,Bo Chen
people.asia,Bo Das
people.asia,Chen Nguyen
people.asia,Chen Patel
people.asia,Chen Rahman
people.asia,Chika Kim
people.asia,Chika Lee
people.asia,Chika Ma
people.asia,Cho Sato
people.asia,Cho Tanaka
people.asia,Cho Wang
people.asia,Chun Ali
people.asia,Chun Chen
people.asia,Chun Das
people.asia,Cyrus Xu
people.asia,Cyrus Yang
people.asia,Cyrus Zhang
people.asia,Daiki Endo
people.asia,Daiki Fujii
people.asia,Daiki Gupta
people.asia,Darma Huang
people.asia,Darma Ishii
people.asia,Darma Jin
people.asia,Devi Kim
people.asia,Devi Lee
people.asia,Devi Ma
people.asia,Dinesh Nguyen
people.asia,Dinesh Patel
people.asia,Dinesh Rahman
people.asia,Dong Sato
people.asia,Dong Tanaka
people.asia,Dong Wang
people.asia,Eijiro Kim
people.asia,Eijiro Lee
people.asia,Eijiro Ma
people.asia,Emi Xu
people.asia,Emi Yang
people.asia,Emi Zhang
people.asia,Endo Ali
people.asia,Endo Chen
people.asia,Endo Das
people.asia,Esha Endo
people.asia,Esha Fujii
people.asia,Esha Gupta
people.asia,Eun Huang
people.asia,Eun Ishii
people.asia,Eun Jin
people.asia,Farah Sato
people.asia,Farah Tanaka
people.asia,Farah Wang
people.asia,Farid Xu
people.asia,Farid Yang
people.asia,Farid Zhang
people.asia,Fatima Nguyen
people.asia,Fatima Patel
people.asia,Fatima Rahman
people.asia,Feng Ali
people.asia,Feng Chen
people.asia,Feng Das
people.asia,Firoz Endo
people.asia,Firoz Fujii
people.asia,Firoz Gupta
people.asia,Gaurav Nguyen
people.asia,Gaurav Patel
people.asia,Gaurav Rahman
people.asia,Gita Kim
people.asia,Gita Lee
people.asia,Gita Ma
people.asia,Goro Huang
people.asia,Goro Ishii
people.asia,Goro Jin
people.asia,Guang Sato
people.asia,Guang Tanaka
people.asia,Guang Wang
people.asia,Gul Xu
people.asia,Gul Yang
people.asia,Gul Zhang
people.asia,Haruto Ali
people.asia,Haruto Chen
people.asia,Haruto Das
people.asia,Hassan Endo
people.asia,Hassan Fujii
people.asia,Hassan Gupta
people.asia,Hina Huang
people.asia,Hina Ishii
people.asia,Hina Jin
people.asia,Hiro Kim
people.asia,Hiro Lee
people.asia,Hiro Ma
people.asia,Hua Nguyen
people.asia,Hua Patel
people.asia,Hua Rahman
people.asia,Ibrahim Ali
people.asia,Ibrahim Chen
people.asia,Ibrahim Das
people.asia,Imran Sato
people.asia,Imran Tanaka
people.asia,Imran Wang
people.asia,Indira Endo
people.asia,Indira Fujii
people.asia,Indira Gupta
people.asia,Ishita Xu
people.asia,Ishita Yang
people.asia,Ishita Zhang
people.asia,Ismael Huang
people.asia,Ismael Ishii
people.asia,Ismael Jin
people.asia,Jamal Ali
people.asia,Jamal Chen
people.asia,Jamal Das
people.asia,Jia Sato
people.asia,Jia Tanaka
people.asia,Jia Wang
people.asia,Jin Nguyen
people.asia,Jin Patel
people.asia,Jin Rahman
people.asia,Ji-woo Kim
people.asia,Ji-woo Lee
people.asia,Ji-woo Ma
people.asia,Jun Xu
people.asia,Jun Yang
people.asia,Jun Zhang
people.asia,Kabir Kim
people.asia,Kabir Lee
people.asia,Kabir Ma
people.asia,Kaito Nguyen
people.asia,Kaito Patel
people.asia,Kaito Rahman
people.asia,Kavita Huang
people.asia,Kavita Ishii
people.asia,Kavita Jin
people.asia,Kenji Endo
people.asia,Kenji Fujii
people.asia,Kenji Gupta
people.asia,Kun Sato
people.asia,Kun Tanaka
people.asia,Kun Wang
people.asia,Lakshmi Kim
people.asia,Lakshmi Lee
people.asia,Lakshmi Ma
people.asia,Latif Huang
people.asia,Latif Ishii
people.asia,Latif Jin
people.asia,Leila Endo
people.asia,Leila Fujii
people.asia,Leila Gupta
people.asia,Li Xu
people.asia,Li Yang
people.asia,Li Zhang
people.asia,Lin Ali
people.asia,Lin Chen
people.asia,Lin Das
people.asia,Malik Ali
people.asia,Malik Chen
people.asia,Malik Das
people.asia,Mei Nguyen
people.asia,Mei Patel
people.asia,Mei Rahman
people.asia,Min Sato
people.asia,Min Tanaka
people.asia,Min Wang
people.asia,Mina Endo
people.asia,Mina Fujii
people.asia,Mina Gupta
people.asia,Mohammad Xu
people.asia,Mohammad Yang
people.asia,Mohammad Zhang
people.asia,Nasir Sato
people.asia,Nasir Tanaka
people.asia,Nasir Wang
people.asia,Natsuki Huang
people.asia,Natsuki Ishii
people.asia,Natsuki Jin
people.asia,Neha Nguyen
people.asia,Neha Patel
people.asia,Neha Rahman
people.asia,Noor Kim
people.asia,Noor Lee
people.asia,Noor Ma
people.asia,Nori Xu
people.asia,Nori Yang
people.asia,Nori Zhang
people.asia,Oki Kim
people.asia,Oki Lee
people.asia,Oki Ma
people.asia,Omar Ali
people.asia,Omar Chen
people.asia,Omar Das
people.asia,Orhan Nguyen
people.asia,Orhan Patel
people.asia,Orhan Rahman
people.asia,Osman Endo
people.asia,Osman Fujii
people.asia,Osman Gupta
people.asia,Oyuun Huang
people.asia,Oyuun Ishii
people.asia,Oyuun Jin
people.asia,Parvati Huang
people.asia,Parvati Ishii
people.asia,Parvati Jin
people.asia,Ping Xu
people.asia,Ping Yang
people.asia,Ping Zhang
people.asia,Pooja Ali
people.asia,Pooja Chen
people.asia,Pooja Das
people.asia,Pranav Endo
people.asia,Pranav Fujii
people.asia,Pranav Gupta
people.asia,Priya Sato
people.asia,Priya Tanaka
people.asia,Priya Wang
people.asia,Qadir Sato
people.asia,Qadir Tanaka
people.asia,Qadir Wang
people.asia,Qasim Kim
people.asia,Qasim Lee
people.asia,Qasim Ma
people.asia,Qiang Nguyen
people.asia,Qiang Patel
people.asia,Qiang Rahman
people.asia,Qing Xu
people.asia,Rahul Chen
people.asia,Rahul Das
people.asia,Rahul Endo
people.asia,Raza Ishii
people.asia,Raza Jin
people.asia,Raza Kim
people.asia,Riku Ali
people.asia,Riku Yang
people.asia,Riku Zhang
people.asia,Riya Fujii
people.asia,Riya Gupta
people.asia,Riya Huang
people.asia,Rohan Lee
people.asia,Rohan Ma
people.asia,Rohan Nguyen
people.asia,Sakura Patel
people.asia,Sakura Rahman
people.asia,Sakura Sato
people.asia,Samir Tanaka
people.asia,Samir Wang
people.asia,Samir Xu
people.asia,Sana Ali
people.asia,Sana Yang
people.asia,Sana Zhang
people.asia,Shin Chen
people.asia,Shin Das
people.asia,Shin Endo
people.asia,Surya Fujii
people.asia,Surya Gupta
people.asia,Surya Huang
people.asia,Takeshi Patel
people.asia,Takeshi Rahman
people.asia,Takeshi Sato
people.asia,Tara Tanaka
people.asia,Tara Wang
people.asia,Tara Xu
people.asia,Tariq Ishii
people.asia,Tariq Jin
people.asia,Tariq Kim
people.asia,Tenzin Ali
people.asia,Tenzin Yang
people.asia,Tenzin Zhang
people.asia,Tian Lee
people.asia,Tian Ma
people.asia,Tian Nguyen
people.asia,Uday Ishii
people.asia,Uday Jin
people.asia,Uday Kim
people.asia,Ulan Lee
people.asia,Uma Fujii
people.asia,Uma Gupta
people.asia,Uma Huang
people.asia,Usman Chen
people.asia,Usman Das
people.asia,Usman Endo
people.asia,Vanya Rahman
people.asia,Vanya Sato
people.asia,Vanya Tanaka
people.asia,Vidya Ali
people.asia,Vidya Chen
people.asia,Vidya Zhang
people.asia,Vikram Wang
people.asia,Vikram Xu
people.asia,Vikram Yang
people.asia,Vivaan Ma
people.asia,Vivaan Nguyen
people.asia,Vivaan Patel
people.asia,Vivek Das
people.asia,Vivek Endo
people.asia,Vivek Fujii
people.asia,Wahid Rahman
people.asia,Wei Gupta
people.asia,Wei Huang
people.asia,Wei Ishii
people.asia,Wen Jin
people.asia,Wen Kim
people.asia,Wen Lee
people.asia,Weng Ma
people.asia,Weng Nguyen
people.asia,Weng Patel
people.asia,Xiang Sato
people.asia,Xiang Tanaka
people.asia,Xiang Wang
people.asia,Xiao Xu
people.asia,Xiao Yang
people.asia,Xiao Zhang
people.asia,Xin Ali
people.asia,Xin Chen
people.asia,Xin Das
people.asia,Xiu Endo
people.asia,Yang Tanaka
people.asia,Yang Wang
people.asia,Yang Xu
people.asia,Yash Ishii
people.asia,Yash Jin
people.asia,Yash Kim
people.asia,Yui Fujii
people.asia,Yui Gupta
people.asia,Yui Huang
people.asia,Yuna Lee
people.asia,Yuna Ma
people.asia,Yuna Nguyen
people.asia,Yusuf Patel
people.asia,Yusuf Rahman
people.asia,Yusuf Sato
people.asia,Zahra Ishii
people.asia,Zahra Jin
people.asia,Zahra Kim
people.asia,Zain Ali
people.asia,Zain Yang
people.asia,Zain Zhang
people.asia,Zayd Lee
people.asia,Zayd Ma
people.asia,Zayd Nguyen
people.asia,Zhi Fujii
people.asia,Zhi Gupta
people.asia,Zhi Huang
people.asia,Zoya Chen
people.asia,Zoya Das
people.asia,Zoya Endo
people.america,Abigail Adams
people.america,Abigail Brooks
people.america,Abigail Carter
people.america,Aiden Davis
people.america,Aiden Edwards
people.america,Aiden Flores
people.america,Alexander Kelly
people.america,Alexander Lewis
people.america,Alexander Martinez
people.america,Amelia Nelson
people.america,Amelia Ortiz
people.america,Amelia Parker
people.america,Ava Gomez
people.america,Ava Hill
people.america,Ava Jenkins
people.america,Bella Adams
people.america,Bella Wright
people.america,Bella Young
people.america,Benjamin Rivera
people.america,Benjamin Silva
people.america,Benjamin Torres
people.america,Brody Brooks
people.america,Brody Carter
people.america,Brody Davis
people.america,Brooklyn Edwards
people.america,Brooklyn Flores
people.america,Brooklyn Gomez
people.america,Bryan Hill
people.america,Bryan Jenkins
people.america,Bryan Kelly
people.america,Camila Lewis
people.america,Camila Martinez
people.america,Camila Nelson
people.america,Carter Ortiz
people.america,Carter Parker
people.america,Carter Rivera
people.america,Chloe Silva
people.america,Chloe Torres
people.america,Chloe Wright
people.america,Christian Adams
people.america,Christian Brooks
people.america,Christian Young
people.america,Clara Carter
people.america,Clara Davis
people.america,Clara Edwards
people.america,Daisy Martinez
people.america,Daisy Nelson
people.america,Daisy Ortiz
people.america,Dakota Torres
people.america,Dakota Wright
people.america,Dakota Young
people.america,Daniel Flores
people.america,Daniel Gomez
people.america,Daniel Hill
people.america,Diego Parker
people.america,Diego Rivera
people.america,Diego Silva
people.america,Dylan Jenkins
people.america,Dylan Kelly
people.america,Dylan Lewis
people.america,Elena Kelly
people.america,Elena Lewis
people.america,Elena Martinez
people.america,Elijah Gomez
people.america,Elijah Hill
people.america,Elijah Jenkins
people.america,Emma Davis
people.america,Emma Edwards
people.america,Emma Flores
people.america,Ethan Adams
people.america,Ethan Brooks
people.america,Ethan Carter
people.america,Evan Nelson
people.america,Evan Ortiz
people.america,Evan Parker
people.america,Faith Adams
people.america,Faith Wright
people.america,Faith Young
people.america,Felipe Rivera
people.america,Felipe Silva
people.america,Felipe Torres
people.america,Felix Hill
people.america,Felix Jenkins
people.america,Felix Kelly
people.america,Finn Brooks
people.america,Finn Carter
people.america,Finn Davis
people.america,Fiona Edwards
people.america,Fiona Flores
people.america,Fiona Gomez
people.america,Gabriel Lewis
people.america,Gabriel Martinez
people.america,Gabriel Nelson
people.america,Gavin Silva
people.america,Gavin Torres
people.america,Gavin Wright
people.america,Genesis Adams
people.america,Genesis Brooks
people.america,Genesis Young
people.america,Grace Ortiz
people.america,Grace Parker
people.america,Grace Rivera
people.america,Grayson Carter
people.america,Grayson Davis
people.america,Grayson Edwards
people.america,Hailey Torres
people.america,Hailey Wright
people.america,Hailey Young
people.america,Harper Flores
people.america,Harper Gomez
people.america,Harper Hill
people.america,Hazel Martinez
people.america,Hazel Nelson
people.america,Hazel Ortiz
people.america,Henry Jenkins
people.america,Henry Kelly
people.america,Henry Lewis
people.america,Hunter Parker
people.america,Hunter Rivera
people.america,Hunter Silva
people.america,Ian Kelly
people.america,Ian Lewis
people.america,Ian Martinez
people.america,Iris Nelson
people.america,Iris Ortiz
people.america,Iris Parker
people.america,Isaac Davis
people.america,Isaac Edwards
people.america,Isaac Flores
people.america,Isabella Adams
people.america,Isabella Brooks
people.america,Isabella Carter
people.america,Ivy Gomez
people.america,Ivy Hill
people.america,Ivy Jenkins
people.america,Jackson Adams
people.america,Jackson Wright
people.america,Jackson Young
people.america,Jacob Rivera
people.america,Jacob Silva
people.america,Jacob Torres
people.america,Jade Hill
people.america,Jade Jenkins
people.america,Jade Kelly
people.america,Julia Brooks
people.america,Julia Carter
people.america,Julia Davis
people.america,Julian Edwards
people.america,Julian Flores
people.america,Julian Gomez
people.america,Kaleb Adams
people.america,Kaleb Brooks
people.america,Kaleb Young
people.america,Kayden Ortiz
people.america,Kayden Parker
people.america,Kayden Rivera
people.america,Kennedy Silva
people.america,Kennedy Torres
people.america,Kennedy Wright
people.america,Kevin Lewis
people.america,Kevin Martinez
people.america,Kevin Nelson
people.america,Kylie Carter
people.america,Kylie Davis
people.america,Kylie Edwards
people.america,Leah Torres
people.america,Leah Wright
people.america,Leah Young
people.america,Liam Flores
people.america,Liam Gomez
people.america,Liam Hill
people.america,Lily Martinez
people.america,Lily Nelson
people.america,Lily Ortiz
people.america,Logan Parker
people.america,Logan Rivera
people.america,Logan Silva
people.america,Lucas Jenkins
people.america,Lucas Kelly
people.america,Lucas Lewis
people.america,Madison Kelly
people.america,Madison Lewis
people.america,Madison Martinez
people.america,Mason Adams
people.america,Mason Brooks
people.america,Mason Carter
people.america,Mateo Gomez
people.america,Mateo Hill
people.america,Mateo Jenkins
people.america,Mia Davis
people.america,Mia Edwards
people.america,Mia Flores
people.america,Miles Nelson
people.america,Miles Ortiz
people.america,Miles Parker
people.america,Natalie Adams
people.america,Natalie Wright
people.america,Natalie Young
people.america,Nathan Brooks
people.america,Nathan Carter
people.america,Nathan Davis
people.america,Noah Rivera
people.america,Noah Silva
people.america,Noah Torres
people.america,Nolan Hill
people.america,Nolan Jenkins
people.america,Nolan Kelly
people.america,Nora Edwards
people.america,Nora Flores
people.america,Nora Gomez
people.america,Oakley Adams
people.america,Oakley Brooks
people.america,Oakley Young
people.america,Oliver Silva
people.america,Oliver Torres
people.america,Oliver Wright
people.america,Olivia Lewis
people.america,Olivia Martinez
people.america,Olivia Nelson
people.america,Oscar Carter
people.america,Oscar Davis
people.america,Oscar Edwards
people.america,Owen Ortiz
people.america,Owen Parker
people.america,Owen Rivera
people.america,Parker Martinez
people.america,Parker Nelson
people.america,Parker Ortiz
people.america,Pedro Flores
people.america,Pedro Gomez
people.america,Pedro Hill
people.america,Penelope Jenkins
people.america,Penelope Kelly
people.america,Penelope Lewis
people.america,Peyton Parker
people.america,Peyton Rivera
people.america,Peyton Silva
people.america,Piper Torres
people.america,Piper Wright
people.america,Piper Young
people.america,Queen Kelly
people.america,Quincy Davis
people.america,Quincy Edwards
people.america,Quincy Flores
people.america,Quinn Adams
people.america,Quinn Brooks
people.america,Quinn Carter
people.america,Quinton Gomez
people.america,Quinton Hill
people.america,Quinton Jenkins
people.america,Reagan Carter
people.america,Reagan Davis
people.america,Reagan Edwards
people.america,Riley Lewis
people.america,Riley Martinez
people.america,Riley Nelson
people.america,Roman Adams
people.america,Roman Brooks
people.america,Roman Young
people.america,Ruby Silva
people.america,Ruby Torres
people.america,Ruby Wright
people.america,Ryan Ortiz
people.america,Ryan Parker
people.america,Ryan Rivera
people.america,Samuel Jenkins
people.america,Samuel Kelly
people.america,Samuel Lewis
people.america,Scarlett Martinez
people.america,Scarlett Nelson
people.america,Scarlett Ortiz
people.america,Sebastian Parker
people.america,Sebastian Rivera
people.america,Sebastian Silva
people.america,Sophia Flores
people.america,Sophia Gomez
people.america,Sophia Hill
people.america,Stella Torres
people.america,Stella Wright
people.america,Stella Young
people.america,Taylor Gomez
people.america,Taylor Hill
people.america,Taylor Jenkins
people.america,Thiago Adams
people.america,Thiago Brooks
people.america,Thiago Carter
people.america,Thomas Kelly
people.america,Thomas Lewis
people.america,Thomas Martinez
people.america,Trinity Nelson
people.america,Trinity Ortiz
people.america,Trinity Parker
people.america,Tyler Davis
people.america,Tyler Edwards
people.america,Tyler Flores
people.america,Uriel Rivera
people.america,Uriel Silva
people.america,Uriel Torres
people.america,Uriyah Wright
people.america,Uriyah Young
people.america,Valentina Adams
people.america,Valentina Brooks
people.america,Valentina Carter
people.america,Valeria Nelson
people.america,Valeria Ortiz
people.america,Valeria Parker
people.america,Victor Davis
people.america,Victor Edwards
people.america,Victor Flores
people.america,Victoria Gomez
people.america,Victoria Hill
people.america,Victoria Jenkins
people.america,Vincent Kelly
people.america,Vincent Lewis
people.america,Vincent Martinez
people.america,Weston Davis
people.america,Weston Edwards
people.america,William Wright
people.america,William Young
people.america,Willow Adams
people.america,Willow Brooks
people.america,Willow Carter
people.america,Wyatt Rivera
people.america,Wyatt Silva
people.america,Wyatt Torres
people.america,Xander Jenkins
people.america,Xander Kelly
people.america,Ximena Flores
people.america,Ximena Gomez
people.america,Ximena Hill
people.america,Yaretzi Lewis
people.america,Yaretzi Martinez
people.america,Yaretzi Nelson
people.america,Yasmine Silva
people.america,Yasmine Torres
people.america,Yasmine Wright
people.america,Yosef Young
people.america,Yusuf Ortiz
people.america,Yusuf Parker
people.america,Yusuf Rivera
people.america,Zachary Adams
people.america,Zachary Brooks
people.america,Zachary Carter
people.america,Zara Nelson
people.america,Zara Ortiz
people.america,Zara Parker
people.america,Zayden Kelly
people.america,Zayden Lewis
people.america,Zayden Martinez
people.america,Zion Gomez
people.america,Zion Hill
people.america,Zion Jenkins
people.america,Zoe Davis
people.america,Zoe Edwards
people.america,Zoe Flores
